StartDate,EndDate,Status,IPAddress,Progress,Duration (in seconds),Finished,RecordedDate,ResponseId,RecipientLastName,RecipientFirstName,RecipientEmail,ExternalReference,LocationLatitude,LocationLongitude,DistributionChannel,UserLanguage,Q2,Q4,Q5,Q6,Q7_1,Q7_2,Q7_3,Q8,Q9,Q10,Q11,Q12_1,Q12_2,Q12_3,Q13,Q14,Q15,Q16,Q17_1,Q17_2,Q17_3,Q18,Q19,Q20,Q21,Q22_1,Q22_2,Q22_3,Q23,Q24,Q25,Q26,Q27_1,Q27_2,Q27_3,Q28,Q29,Q30,Q31,Q32_1,Q32_2,Q32_3,Q33,Q34,Q35,Q36,Q37_1,Q37_2,Q37_3,Q38,Q39,Q40,Q41,Q42_1,Q42_2,Q42_3,Q43,Q44,Q45,Q46,Q47_1,Q47_2,Q47_3,Q48,Q49,Q50,Q51,Q52_1,Q52_2,Q52_3,Q53,Q54,Q55,Q56,Q57_1,Q57_2,Q57_3
Fecha de inicio,Fecha final,Tipo de respuesta,Dirección IP,Progreso,Duración (en segundos),Finalizado,Fecha registrada,ID de respuesta,Apellido del destinatario,Nombre del destinatario,Correo electrónico del destinatario,Datos de referencia externos,Latitud de ubicación,Longitud de ubicación,Canal de la distribución,Idioma del usuario,"Please enter your nickname that will allow us to match your ID with the general survey data (the last 3 letters of your family name + the house number of your residence + the last 2 numbers of your phone number (e.g.,ata3832))","This is an example to illustrate the setup of the questions you will answer. Note that you are not required to pick a random sample in this example.
Please listen to the sample below and answer the questions.





 
What you think the style is of the sample?",Please indicate how much you agree or disagree with the statement: I am confident in my answers regarding the style transfer questions.,"Please indicate how much you agree or disagree with the statement: This piece of music sounds like it was made by a human, not by a computer.","If you had to rate the sample, what grade would you give it? here 1 is a bad grade and 10 is the best. Please base your answer on how 'natural' the music sounds for melody and rhythm. - Melody quality","If you had to rate the sample, what grade would you give it? here 1 is a bad grade and 10 is the best. Please base your answer on how 'natural' the music sounds for melody and rhythm. - Rhythm quality","If you had to rate the sample, what grade would you give it? here 1 is a bad grade and 10 is the best. Please base your answer on how 'natural' the music sounds for melody and rhythm. - Raw audio quality",Please use the random generator (https://www.random.org) to generate a number between 0 and 59 and listen to that sample (and only that sample) in this library (https://drive.google.com/drive/folders/1RaE5RWDJ2PGHXwXL5emy7JbFfS0oPGGS).Enter the number generated in the box below.,What style do you think this audio fragment has?,Please indicate how much you agree or disagree with the statement: I am confident in my answers regarding the style transfer questions.,"Please indicate how much you agree or disagree with the statement: This piece of music sounds like it was performed by a human, not by a computer.","If you had to rate the sample, what grade would you give it? here 1 is a bad grade and 10 is the best. Please base your answer on how 'natural' the music sounds for melody and rhythm. - Melody quality","If you had to rate the sample, what grade would you give it? here 1 is a bad grade and 10 is the best. Please base your answer on how 'natural' the music sounds for melody and rhythm. - Rhythm quality","If you had to rate the sample, what grade would you give it? here 1 is a bad grade and 10 is the best. Please base your answer on how 'natural' the music sounds for melody and rhythm. - Raw audio quality",Please use the random generator (https://www.random.org) to generate a number between 0 and 59 and listen to that sample (and only that sample) in this library (https://drive.google.com/drive/folders/1RaE5RWDJ2PGHXwXL5emy7JbFfS0oPGGS).Enter the number generated in the box below.,What style do you think this audio fragment has?,Please indicate how much you agree or disagree with the statement: I am confident in my answers regarding the style transfer questions.,"Please indicate how much you agree or disagree with the statement: This piece of music sounds like it was performed by a human, not by a computer.","If you had to rate the sample, what grade would you give it? here 1 is a bad grade and 10 is the best. Please base your answer on how 'natural' the music sounds for melody and rhythm. - Melody quality","If you had to rate the sample, what grade would you give it? here 1 is a bad grade and 10 is the best. Please base your answer on how 'natural' the music sounds for melody and rhythm. - Rhythm quality","If you had to rate the sample, what grade would you give it? here 1 is a bad grade and 10 is the best. Please base your answer on how 'natural' the music sounds for melody and rhythm. - Raw audio quality",Please use the random generator (https://www.random.org) to generate a number between 0 and 59 and listen to that sample (and only that sample) in this library (https://drive.google.com/drive/folders/1RaE5RWDJ2PGHXwXL5emy7JbFfS0oPGGS).Enter the number generated in the box below.,What style do you think this audio fragment has?,Please indicate how much you agree or disagree with the statement: I am confident in my answers regarding the style transfer questions.,"Please indicate how much you agree or disagree with the statement: This piece of music sounds like it was performed by a human, not by a computer.","If you had to rate the sample, what grade would you give it? here 1 is a bad grade and 10 is the best. Please base your answer on how 'natural' the music sounds for melody and rhythm. - Melody quality","If you had to rate the sample, what grade would you give it? here 1 is a bad grade and 10 is the best. Please base your answer on how 'natural' the music sounds for melody and rhythm. - Rhythm quality","If you had to rate the sample, what grade would you give it? here 1 is a bad grade and 10 is the best. Please base your answer on how 'natural' the music sounds for melody and rhythm. - Raw audio quality",Please use the random generator (https://www.random.org) to generate a number between 0 and 59 and listen to that sample (and only that sample) in this library (https://drive.google.com/drive/folders/1RaE5RWDJ2PGHXwXL5emy7JbFfS0oPGGS).Enter the number generated in the box below.,What style do you think this audio fragment has?,Please indicate how much you agree or disagree with the statement: I am confident in my answers regarding the style transfer questions.,"Please indicate how much you agree or disagree with the statement: This piece of music sounds like it was performed by a human, not by a computer.","If you had to rate the sample, what grade would you give it? here 1 is a bad grade and 10 is the best. Please base your answer on how 'natural' the music sounds for melody and rhythm. - Melody quality","If you had to rate the sample, what grade would you give it? here 1 is a bad grade and 10 is the best. Please base your answer on how 'natural' the music sounds for melody and rhythm. - Rhythm quality","If you had to rate the sample, what grade would you give it? here 1 is a bad grade and 10 is the best. Please base your answer on how 'natural' the music sounds for melody and rhythm. - Raw audio quality",Please use the random generator (https://www.random.org) to generate a number between 0 and 59 and listen to that sample (and only that sample) in this library (https://drive.google.com/drive/folders/1RaE5RWDJ2PGHXwXL5emy7JbFfS0oPGGS).Enter the number generated in the box below.,What style do you think this audio fragment has?,Please indicate how much you agree or disagree with the statement: I am confident in my answers regarding the style transfer questions.,"Please indicate how much you agree or disagree with the statement: This piece of music sounds like it was performed by a human, not by a computer.","If you had to rate the sample, what grade would you give it? here 1 is a bad grade and 10 is the best. Please base your answer on how 'natural' the music sounds for melody and rhythm. - Melody quality","If you had to rate the sample, what grade would you give it? here 1 is a bad grade and 10 is the best. Please base your answer on how 'natural' the music sounds for melody and rhythm. - Rhythm quality","If you had to rate the sample, what grade would you give it? here 1 is a bad grade and 10 is the best. Please base your answer on how 'natural' the music sounds for melody and rhythm. - Raw audio quality",Please use the random generator (https://www.random.org) to generate a number between 0 and 59 and listen to that sample (and only that sample) in this library (https://drive.google.com/drive/folders/1RaE5RWDJ2PGHXwXL5emy7JbFfS0oPGGS).Enter the number generated in the box below.,What style do you think this audio fragment has?,Please indicate how much you agree or disagree with the statement: I am confident in my answers regarding the style transfer questions.,"Please indicate how much you agree or disagree with the statement: This piece of music sounds like it was performed by a human, not by a computer.","If you had to rate the sample, what grade would you give it? here 1 is a bad grade and 10 is the best. Please base your answer on how 'natural' the music sounds for melody and rhythm. - Melody quality","If you had to rate the sample, what grade would you give it? here 1 is a bad grade and 10 is the best. Please base your answer on how 'natural' the music sounds for melody and rhythm. - Rhythm quality","If you had to rate the sample, what grade would you give it? here 1 is a bad grade and 10 is the best. Please base your answer on how 'natural' the music sounds for melody and rhythm. - Raw audio quality",Please use the random generator (https://www.random.org) to generate a number between 0 and 59 and listen to that sample (and only that sample) in this library (https://drive.google.com/drive/folders/1RaE5RWDJ2PGHXwXL5emy7JbFfS0oPGGS).Enter the number generated in the box below.,What style do you think this audio fragment has?,Please indicate how much you agree or disagree with the statement: I am confident in my answers regarding the style transfer questions.,"Please indicate how much you agree or disagree with the statement: This piece of music sounds like it was performed by a human, not by a computer.","If you had to rate the sample, what grade would you give it? here 1 is a bad grade and 10 is the best. Please base your answer on how 'natural' the music sounds for melody and rhythm. - Melody quality","If you had to rate the sample, what grade would you give it? here 1 is a bad grade and 10 is the best. Please base your answer on how 'natural' the music sounds for melody and rhythm. - Rhythm quality","If you had to rate the sample, what grade would you give it? here 1 is a bad grade and 10 is the best. Please base your answer on how 'natural' the music sounds for melody and rhythm. - Raw audio quality",Please use the random generator (https://www.random.org) to generate a number between 0 and 59 and listen to that sample (and only that sample) in this library (https://drive.google.com/drive/folders/1RaE5RWDJ2PGHXwXL5emy7JbFfS0oPGGS).Enter the number generated in the box below.,What style do you think this audio fragment has?,Please indicate how much you agree or disagree with the statement: I am confident in my answers regarding the style transfer questions.,"Please indicate how much you agree or disagree with the statement: This piece of music sounds like it was performed by a human, not by a computer.","If you had to rate the sample, what grade would you give it? here 1 is a bad grade and 10 is the best. Please base your answer on how 'natural' the music sounds for melody and rhythm. - Melody quality","If you had to rate the sample, what grade would you give it? here 1 is a bad grade and 10 is the best. Please base your answer on how 'natural' the music sounds for melody and rhythm. - Rhythm quality","If you had to rate the sample, what grade would you give it? here 1 is a bad grade and 10 is the best. Please base your answer on how 'natural' the music sounds for melody and rhythm. - Raw audio quality",Please use the random generator (https://www.random.org) to generate a number between 0 and 59 and listen to that sample (and only that sample) in this library (https://drive.google.com/drive/folders/1RaE5RWDJ2PGHXwXL5emy7JbFfS0oPGGS).Enter the number generated in the box below.,What style do you think this audio fragment has?,Please indicate how much you agree or disagree with the statement: I am confident in my answers regarding the style transfer questions.,"Please indicate how much you agree or disagree with the statement: This piece of music sounds like it was performed by a human, not by a computer.","If you had to rate the sample, what grade would you give it? here 1 is a bad grade and 10 is the best. Please base your answer on how 'natural' the music sounds for melody and rhythm. - Melody quality","If you had to rate the sample, what grade would you give it? here 1 is a bad grade and 10 is the best. Please base your answer on how 'natural' the music sounds for melody and rhythm. - Rhythm quality","If you had to rate the sample, what grade would you give it? here 1 is a bad grade and 10 is the best. Please base your answer on how 'natural' the music sounds for melody and rhythm. - Raw audio quality",Please use the random generator (https://www.random.org) to generate a number between 0 and 59 and listen to that sample (and only that sample) in this library (https://drive.google.com/drive/folders/1RaE5RWDJ2PGHXwXL5emy7JbFfS0oPGGS).Enter the number generated in the box below.,What style do you think this audio fragment has?,Please indicate how much you agree or disagree with the statement: I am confident in my answers regarding the style transfer questions.,"Please indicate how much you agree or disagree with the statement: This piece of music sounds like it was performed by a human, not by a computer.","If you had to rate the sample, what grade would you give it? here 1 is a bad grade and 10 is the best. Please base your answer on how 'natural' the music sounds for melody and rhythm. - Melody quality","If you had to rate the sample, what grade would you give it? here 1 is a bad grade and 10 is the best. Please base your answer on how 'natural' the music sounds for melody and rhythm. - Rhythm quality","If you had to rate the sample, what grade would you give it? here 1 is a bad grade and 10 is the best. Please base your answer on how 'natural' the music sounds for melody and rhythm. - Raw audio quality"
"{""ImportId"":""startDate"",""timeZone"":""America/Denver""}","{""ImportId"":""endDate"",""timeZone"":""America/Denver""}","{""ImportId"":""status""}","{""ImportId"":""ipAddress""}","{""ImportId"":""progress""}","{""ImportId"":""duration""}","{""ImportId"":""finished""}","{""ImportId"":""recordedDate"",""timeZone"":""America/Denver""}","{""ImportId"":""_recordId""}","{""ImportId"":""recipientLastName""}","{""ImportId"":""recipientFirstName""}","{""ImportId"":""recipientEmail""}","{""ImportId"":""externalDataReference""}","{""ImportId"":""locationLatitude""}","{""ImportId"":""locationLongitude""}","{""ImportId"":""distributionChannel""}","{""ImportId"":""userLanguage""}","{""ImportId"":""QID24_TEXT""}","{""ImportId"":""QID1""}","{""ImportId"":""QID16""}","{""ImportId"":""QID42""}","{""ImportId"":""QID22_1""}","{""ImportId"":""QID22_2""}","{""ImportId"":""QID22_3""}","{""ImportId"":""QID18_TEXT""}","{""ImportId"":""QID11""}","{""ImportId"":""QID31""}","{""ImportId"":""QID14""}","{""ImportId"":""QID39_1""}","{""ImportId"":""QID39_2""}","{""ImportId"":""QID39_3""}","{""ImportId"":""QID43_TEXT""}","{""ImportId"":""QID44""}","{""ImportId"":""QID45""}","{""ImportId"":""QID46""}","{""ImportId"":""QID47_1""}","{""ImportId"":""QID47_2""}","{""ImportId"":""QID47_3""}","{""ImportId"":""QID48_TEXT""}","{""ImportId"":""QID49""}","{""ImportId"":""QID50""}","{""ImportId"":""QID51""}","{""ImportId"":""QID52_1""}","{""ImportId"":""QID52_2""}","{""ImportId"":""QID52_3""}","{""ImportId"":""QID53_TEXT""}","{""ImportId"":""QID54""}","{""ImportId"":""QID55""}","{""ImportId"":""QID56""}","{""ImportId"":""QID57_1""}","{""ImportId"":""QID57_2""}","{""ImportId"":""QID57_3""}","{""ImportId"":""QID58_TEXT""}","{""ImportId"":""QID59""}","{""ImportId"":""QID60""}","{""ImportId"":""QID61""}","{""ImportId"":""QID62_1""}","{""ImportId"":""QID62_2""}","{""ImportId"":""QID62_3""}","{""ImportId"":""QID63_TEXT""}","{""ImportId"":""QID64""}","{""ImportId"":""QID65""}","{""ImportId"":""QID66""}","{""ImportId"":""QID67_1""}","{""ImportId"":""QID67_2""}","{""ImportId"":""QID67_3""}","{""ImportId"":""QID68_TEXT""}","{""ImportId"":""QID69""}","{""ImportId"":""QID70""}","{""ImportId"":""QID71""}","{""ImportId"":""QID72_1""}","{""ImportId"":""QID72_2""}","{""ImportId"":""QID72_3""}","{""ImportId"":""QID73_TEXT""}","{""ImportId"":""QID74""}","{""ImportId"":""QID75""}","{""ImportId"":""QID76""}","{""ImportId"":""QID77_1""}","{""ImportId"":""QID77_2""}","{""ImportId"":""QID77_3""}","{""ImportId"":""QID78_TEXT""}","{""ImportId"":""QID79""}","{""ImportId"":""QID80""}","{""ImportId"":""QID81""}","{""ImportId"":""QID82_1""}","{""ImportId"":""QID82_2""}","{""ImportId"":""QID82_3""}","{""ImportId"":""QID83_TEXT""}","{""ImportId"":""QID84""}","{""ImportId"":""QID85""}","{""ImportId"":""QID86""}","{""ImportId"":""QID87_1""}","{""ImportId"":""QID87_2""}","{""ImportId"":""QID87_3""}"
2021-03-10 07:53:39,2021-03-10 08:01:44,0,77.169.207.203,100,484,1,2021-03-10 08:01:44,R_3PMtb7pEda45PAr,,,,,52.351806640625,5.1488037109375,anonymous,EN,kim13850,1,2,5,3,2,0,52,2,2,4,10,9,1,4,1,1,1,7,10,10,6,2,1,1,10,10,10,49,1,5,5,0,0,0,4,1,1,2,8,8,9,56,3,2,2,10,8,4,32,1,2,5,4,5,3,11,3,1,1,10,10,10,19,1,2,2,9,5,8,23,2,1,5,8,4,3
2021-03-10 07:53:51,2021-03-10 08:02:57,0,217.104.126.154,100,545,1,2021-03-10 08:02:57,R_1dcuC0hJNWU9Zg2,,,,,51.596405029296875,4.722503662109375,anonymous,EN,ver368,3,4,4,4,7,3,42,2,4,2,4,6,5,27,1,4,3,3,4,6,6,1,2,4,9,7,6,47,3,3,3,4,7,4,34,1,2,4,8,6,6,23,2,4,3,4,3,2,43,3,4,3,5,4,6,4,2,2,3,9,7,8,3,2,3,3,8,7,8,29,1,4,3,7,7,4
2021-03-10 07:53:36,2021-03-10 08:03:05,0,86.83.40.22,100,569,1,2021-03-10 08:03:06,R_1eVtJ9iWEgp1lvU,,,,,51.832305908203125,5.8495025634765625,anonymous,EN,urg10724,1,1,3,4,4,5,43,3,1,4,6,3,5,31,1,2,5,1,3,2,15,1,1,1,8,8,8,7,2,1,2,8,9,8,26,3,2,5,4,3,4,45,1,1,3,5,5,4,24,1,4,4,5,3,1,47,1,1,2,6,7,5,38,2,1,2,9,7,7,29,3,3,3,5,2,2
2021-03-10 07:53:55,2021-03-10 08:03:28,0,2.200.64.170,100,573,1,2021-03-10 08:03:29,R_10pdlBM1BFLK4A9,,,,,51.2671966552734375,6.5496978759765625,anonymous,EN,sel1224,1,2,5,5,3,2,51,3,4,5,1,1,1,17,1,1,1,7,7,6,45,1,3,4,5,5,5,13,3,1,1,8,8,6,0,1,1,1,7,7,6,52,2,1,4,6,6,4,47,1,1,3,5,5,4,6,2,1,1,7,7,5,53,2,1,5,7,7,5,15,1,1,2,7,7,5
2021-03-10 07:53:44,2021-03-10 08:03:38,0,178.85.215.216,100,594,1,2021-03-10 08:03:39,R_3dShDm5phmRVZoB,,,,,51.8385009765625,5.8730926513671875,anonymous,EN,ink6170,1,1,4,4,3,2,14,2,4,2,9,9,7,7,2,1,4,5,6,7,34,1,1,5,3,2,3,59,3,2,2,9,7,3,34,1,1,5,2,3,2,9,2,1,2,7,8,5,18,1,1,4,4,4,6,23,2,1,5,1,1,3,43,3,2,4,2,2,4,24,2,3,5,1,2,3
2021-03-10 07:53:38,2021-03-10 08:04:06,0,92.110.129.199,100,627,1,2021-03-10 08:04:06,R_3PQNvX3h3ivvSlA,,,,,51.8513031005859375,5.863800048828125,anonymous,EN,oek3760,1,1,4,3,7,4,17,1,1,2,9,9,7,6,2,1,1,9,9,8,14,3,1,1,9,9,7,20,2,4,5,4,5,4,47,1,2,4,7,7,3,54,2,2,4,5,6,3,49,1,2,5,2,3,2,39,2,1,3,7,7,2,9,2,1,1,9,9,8,2,1,1,1,10,9,8
2021-03-10 07:54:11,2021-03-10 08:04:08,0,95.96.250.21,100,597,1,2021-03-10 08:04:09,R_10DByoXOd1xIkxl,,,,,51.84210205078125,5.8592987060546875,anonymous,EN,sen6791,1,2,4,7,3,3,54,2,2,4,5,3,4,15,1,2,2,7,2,6,13,3,2,2,7,1,6,4,1,2,4,7,2,0,36,2,2,4,5,2,2,12,3,3,3,3,3,2,5,2,2,2,7,1,7,53,3,4,5,2,2,0,16,1,2,4,6,1,3,14,3,2,2,7,1,6
2021-03-10 07:53:52,2021-03-10 08:04:25,0,213.124.160.37,100,632,1,2021-03-10 08:04:25,R_1PbeLUjuyra28rY,,,,,51.833892822265625,5.8643035888671875,anonymous,EN,STA10701,1,1,4,5,6,3,40,3,1,1,10,10,7,34,1,2,5,1,1,4,42,3,2,4,7,6,6,25,3,4,5,6,6,1,17,1,2,3,3,8,5,26,3,2,5,4,3,1,45,1,1,4,5,4,4,44,3,3,3,6,7,1,11,3,1,1,10,10,10,53,2,1,5,5,4,1
2021-03-10 07:53:52,2021-03-10 08:04:51,0,213.124.160.251,100,658,1,2021-03-10 08:04:52,R_3Oi5P5y6MbBKDRV,,,,,51.833892822265625,5.8643035888671875,anonymous,EN,kov5365,1,2,4,1,1,1,23,2,2,3,1,1,1,32,1,1,2,5,8,3,8,2,1,1,10,10,10,35,2,1,2,8,6,4,40,3,2,3,9,7,3,50,2,2,4,4,2,2,45,1,3,3,6,3,4,30,1,3,5,6,3,4,54,2,2,2,7,5,5,14,3,1,1,10,10,5
2021-03-10 07:54:45,2021-03-10 08:04:59,0,84.150.239.5,100,614,1,2021-03-10 08:05:00,R_1QL5gQXAOJgspKL,,,,,53.1403961181640625,8.221099853515625,anonymous,EN,ann1755,1,2,4,6,6,4,24,1,4,4,6,4,3,2,1,1,1,8,9,7,43,3,2,4,5,5,4,39,2,2,2,7,7,2,42,3,2,4,4,3,3,21,2,3,4,6,4,3,25,3,4,5,6,3,3,25,3,4,4,5,3,3,10,3,4,1,7,8,5,9,2,2,3,7,4,4
2021-03-10 07:53:58,2021-03-10 08:05:46,0,213.124.181.87,100,707,1,2021-03-10 08:05:46,R_2zCuwGwIEMZKs0F,,,,,51.8336029052734375,5.8856964111328125,anonymous,EN,ift7967,1,2,5,4,6,2,38,2,1,1,9,8,6,59,3,1,1,8,7,5,42,3,2,1,8,8,6,58,3,3,1,7,7,6,33,1,1,4,4,4,3,40,3,1,1,10,10,6,23,2,2,5,1,1,1,58,3,1,2,7,7,5,47,1,2,4,5,3,3,31,1,2,4,6,7,5
2021-03-10 07:53:43,2021-03-10 08:06:07,0,83.82.187.242,100,744,1,2021-03-10 08:06:08,R_2ZUjScyMcy58VWo,,,,,51.6873016357421875,5.786102294921875,anonymous,EN,rst1903,1,1,4,2,4,1,5,2,1,1,8,8,8,22,2,1,4,4,3,4,26,3,1,5,3,2,3,42,3,1,1,8,7,8,52,2,1,5,3,1,6,59,3,1,2,7,6,6,38,2,1,2,7,7,3,41,3,1,3,5,5,3,14,3,1,1,9,9,9,58,3,1,1,8,7,8
2021-03-10 07:53:53,2021-03-10 08:06:13,0,213.124.168.11,100,740,1,2021-03-10 08:06:15,R_26xMJYvVek0jYLT,,,,,51.8199005126953125,5.8715057373046875,anonymous,EN,ORN2520,1,1,1,8,8,6,29,3,2,1,7,7,5,10,3,1,1,10,10,10,37,2,1,2,9,9,8,43,1,1,4,7,8,7,18,1,1,1,7,7,7,22,2,1,4,6,8,6,48,1,1,5,1,1,5,10,3,1,1,10,10,10,24,2,2,4,7,6,6,27,3,2,4,5,7,6
2021-03-10 07:54:36,2021-03-10 08:06:52,0,131.174.113.241,100,735,1,2021-03-10 08:06:52,R_3luDvyQy6S8lh98,,,,,51.8199005126953125,5.8715057373046875,anonymous,EN,agt11973,1,1,4,6,6,4,17,1,2,4,6,6,4,4,1,2,2,7,7,6,14,3,3,4,6,7,5,34,1,2,5,4,6,4,42,3,5,5,3,5,4,49,3,4,5,4,6,4,9,2,1,1,8,7,8,2,1,1,1,8,7,8,30,1,4,5,5,5,4,56,3,4,4,6,6,5
2021-03-10 07:53:57,2021-03-10 08:07:05,0,143.178.160.80,100,788,1,2021-03-10 08:07:06,R_bJWGInTAIfBk7TP,,,,,51.833892822265625,5.8643035888671875,anonymous,EN,its2058,1,2,5,4,4,3,24,2,1,4,7,6,5,31,1,1,2,7,7,5,52,2,1,2,7,7,5,54,2,2,4,5,5,5,3,1,1,1,9,9,10,17,3,2,2,6,7,5,37,2,1,2,6,6,5,6,2,1,1,9,8,10,43,3,2,3,7,7,6,26,3,2,4,6,5,5
2021-03-10 07:53:49,2021-03-10 08:07:35,0,85.145.126.252,100,826,1,2021-03-10 08:07:36,R_3JKTWP2IakVuVIw,,,,,51.84210205078125,5.8592987060546875,anonymous,EN,ata3832,1,1,1,8,8,5,26,3,2,4,4,8,1,10,3,1,1,10,10,10,38,2,1,1,10,9,2,23,2,3,5,9,9,1,13,3,1,1,10,10,9,44,3,2,4,6,5,4,49,1,1,2,6,6,6,22,2,1,2,10,10,9,9,2,1,1,10,10,9,5,2,1,1,10,10,9
2021-03-10 04:49:23,2021-03-10 08:07:49,0,81.205.184.35,100,11906,1,2021-03-10 08:07:50,R_2fkytemN9bBZDtb,,,,,51.9674072265625,5.5753021240234375,anonymous,EN,ove2298,1,2,3,8,7,6,38,2,2,2,8,7,3,,,,,,,,,,,,,,,,,,,,,,,,,,,,,,,,,,,,,,,,,,,,,,,,,,,,,,,,,,,,,,,
2021-03-10 07:53:43,2021-03-10 08:10:36,0,91.106.225.217,100,1012,1,2021-03-10 08:10:37,R_1NkQ70MtvnWNu4O,,,,,53.447601318359375,5.79229736328125,anonymous,EN,sen5550,3,2,1,6,4,6,2,1,1,1,9,9,9,56,3,2,2,7,8,5,22,2,4,4,6,4,4,56,3,2,2,7,8,4,2,2,1,1,10,10,10,31,1,2,3,4,5,6,24,1,4,4,2,7,4,29,3,5,4,6,3,5,52,2,2,2,8,7,3,33,1,1,4,2,4,3
2021-03-10 07:53:50,2021-03-10 08:13:40,0,145.133.47.222,100,1189,1,2021-03-10 08:13:40,R_A4Hu8WxYOlrz2Nj,,,,,52.115203857421875,5.12030029296875,anonymous,EN,olt5097,1,2,2,7,8,5,29,3,1,4,4,7,5,51,2,4,5,2,3,0,44,1,2,2,7,6,7,7,2,1,1,7,8,9,30,1,1,4,4,7,7,30,1,1,4,4,7,7,57,1,2,4,7,8,6,27,3,4,2,7,7,7,8,2,1,1,7,8,8,51,2,2,5,0,3,0
2021-03-10 07:53:38,2021-03-10 08:13:49,0,83.128.246.163,100,1211,1,2021-03-10 08:13:50,R_zVwRpwtzj4GgxJD,,,,,51.6367034912109375,6.0115966796875,anonymous,EN,ain467,1,2,5,4,3,3,41,3,2,5,4,2,3,40,3,2,2,7,6,7,14,3,1,1,8,7,8,9,2,1,1,10,10,10,10,3,1,1,9,10,9,47,1,1,5,5,7,10,58,3,1,5,7,9,9,58,3,1,1,10,9,10,35,2,1,5,5,5,8,1,1,1,1,10,10,10
2021-03-10 07:53:48,2021-03-10 08:14:33,0,84.30.214.54,100,1244,1,2021-03-10 08:14:33,R_3gSgD3a2c8s9q6W,,,,,51.5240020751953125,5.9618072509765625,anonymous,EN,Hub2297,1,2,2,6,5,5,31,1,2,1,7,7,7,5,2,2,1,8,7,8,33,1,2,3,6,6,5,0,1,2,1,8,8,8,3,1,2,1,8,8,8,47,1,2,4,5,5,2,22,2,4,2,6,6,6,15,1,2,2,7,7,7,35,2,2,2,6,6,3,31,1,2,3,4,4,5
2021-03-10 07:54:03,2021-03-10 08:14:44,0,84.31.34.12,100,1241,1,2021-03-10 08:14:45,R_3kArVg9q6Q67zKh,,,,,51.7277984619140625,5.5319061279296875,anonymous,EN,art283,1,2,4,6,7,4,25,3,3,2,7,7,3,21,2,1,4,5,8,6,59,3,2,1,8,7,4,57,3,2,2,7,6,4,50,2,3,5,3,3,2,46,1,3,4,2,3,3,39,2,2,1,8,7,4,35,2,2,4,5,6,4,57,3,2,2,7,7,5,13,3,2,1,8,8,6
2021-03-10 07:57:02,2021-03-10 08:24:25,0,130.89.81.18,100,1642,1,2021-03-10 08:24:25,R_1rNFbVY82pLxP8u,,,,,52.238494873046875,6.87060546875,anonymous,EN,AAS7548,1,2,4,4,8,7,37,2,1,1,9,8,10,32,1,2,2,8,9,9,13,3,1,1,9,9,10,43,3,2,4,5,8,10,56,3,3,4,7,6,5,15,1,1,2,6,5,8,25,3,2,5,4,6,5,2,1,1,1,10,10,8,54,2,1,3,5,5,10,23,2,1,2,7,7,10
2021-03-10 08:15:39,2021-03-10 08:25:13,0,86.83.46.16,100,573,1,2021-03-10 08:25:14,R_2Tq7qYlbIfXZTUS,,,,,51.8159942626953125,5.8047027587890625,anonymous,EN,jen5423,1,1,4,5,6,7,21,2,1,4,8,7,8,3,1,1,1,9,9,10,44,3,1,5,7,7,6,36,2,1,2,8,8,8,39,2,1,1,9,9,3,44,3,1,4,6,7,7,30,1,1,4,6,7,5,54,2,1,5,7,5,6,0,1,1,1,9,9,9,13,3,1,1,9,9,9
2021-03-10 08:20:56,2021-03-10 08:34:40,0,77.173.100.215,100,823,1,2021-03-10 08:34:41,R_2t5pXeO2eyN9xZP,,,,,51.8556060791015625,5.666900634765625,anonymous,EN,ven31213,1,1,4,2,7,3,57,3,1,1,9,9,9,23,2,1,4,3,6,5,3,1,1,1,9,9,8,41,3,2,4,5,6,4,18,1,1,4,6,7,4,32,1,1,5,4,6,1,49,1,1,5,1,1,1,26,3,3,4,6,7,2,25,1,2,5,3,5,2,10,3,1,1,10,10,10
2021-03-10 08:23:44,2021-03-10 08:37:41,0,213.124.168.36,100,836,1,2021-03-10 08:37:41,R_w0PQtKB6IuBOvZL,,,,,51.8199005126953125,5.8715057373046875,anonymous,EN,ans4845,1,2,1,5,3,4,24,2,2,1,6,6,5,12,3,1,5,9,8,8,37,2,1,1,7,7,6,48,1,1,1,3,2,2,5,2,1,1,10,9,10,25,1,1,5,5,5,5,44,3,1,5,6,3,4,13,3,1,1,10,10,8,58,3,1,3,8,7,7,1,1,1,1,10,10,10
2021-03-10 08:21:05,2021-03-10 08:40:13,0,213.124.167.180,100,1148,1,2021-03-10 08:40:13,R_bKL7NZZ6w75MXPX,,,,,51.8148956298828125,5.8170928955078125,anonymous,EN,len7701,1,1,5,2,2,3,50,2,5,5,4,2,7,41,3,2,4,4,4,6,9,2,1,2,9,8,9,20,2,3,5,3,2,5,16,1,1,3,5,4,6,35,2,4,5,5,2,4,22,2,4,5,4,3,3,33,1,1,3,3,2,3,7,2,1,2,8,6,9,10,3,1,1,10,9,10
2021-03-10 05:20:58,2021-03-10 05:24:21,0,77.169.207.203,29,203,0,2021-03-10 09:24:23,R_30vGRZke6wYdRpL,,,,,,,anonymous,EN,dsfdsf,1,1,3,7,5,10,16,1,4,3,7,4,9,54,2,4,4,1,6,1,14,1,1,2,6,3,8,14,1,5,4,3,2,0,25,3,1,4,2,6,4,36,1,4,3,3,6,4,47,1,2,2,2,4,5,14,3,3,4,1,5,3,,,,,,,,,,,,,,
2021-03-10 05:24:31,2021-03-10 05:25:01,0,77.169.207.203,7,29,0,2021-03-10 09:25:02,R_1Ftit06JUoJzVhi,,,,,,,anonymous,EN,ghfffg,1,3,4,1,4,5,14,1,3,3,2,3,5,,,,,,,,,,,,,,,,,,,,,,,,,,,,,,,,,,,,,,,,,,,,,,,,,,,,,,,,,,,,,,,
2021-03-10 05:25:09,2021-03-10 05:26:50,0,77.169.207.203,21,100,0,2021-03-10 09:26:53,R_1EcBBhFTQO3YjtE,,,,,,,anonymous,EN,hgfj,1,2,4,4,7,8,14,1,3,2,3,7,7,,,,,,,,,,,,,,,,,,,,,,,,,,,,,,,,,,,,,,,,,,,,,,,,,,,,,,,,,,,,,,,
2021-03-10 05:30:49,2021-03-10 05:31:18,0,77.169.207.203,12,28,0,2021-03-10 09:31:25,R_1mWYSTIvqLuaat2,,,,,,,anonymous,EN,asd,,4,4,0,0,0,,,,,,,,,,,,,,,,,,,,,,,,,,,,,,,,,,,,,,,,,,,,,,,,,,,,,,,,,,,,,,,,,,,,,,
2021-03-10 04:37:04,2021-03-10 05:37:10,0,77.169.207.203,0,3606,0,2021-03-10 09:37:14,R_3qq81AfxHZnFmk9,,,,,,,anonymous,EN,das640461,,,,,,,,,,,,,,,,,,,,,,,,,,,,,,,,,,,,,,,,,,,,,,,,,,,,,,,,,,,,,,,,,,,,,,,,,,,,
2021-03-10 09:58:05,2021-03-10 10:08:22,0,213.124.172.93,100,616,1,2021-03-10 10:08:23,R_3EE9ZyEKQIor5VN,,,,,51.84210205078125,5.8592987060546875,anonymous,EN,Som9k3515,1,1,2,7,8,2,7,2,1,1,7,8,8,59,3,1,2,7,8,6,53,2,1,2,8,9,4,53,2,1,4,6,7,3,23,2,4,3,5,5,3,5,2,1,1,9,9,8,3,1,1,2,7,7,7,33,1,1,2,6,6,7,40,3,1,3,6,7,7,35,2,1,1,7,8,8
2021-03-10 09:41:00,2021-03-10 10:15:25,0,82.159.88.41,100,2065,1,2021-03-10 10:15:26,R_3F2GMs1WExuynEA,,,,,40.2350006103515625,-3.6947021484375,anonymous,EN,llo1725,1,1,2,6,5,3,2,1,1,1,8,8,7,54,2,2,5,3,4,3,50,2,1,5,1,1,1,59,3,1,2,6,7,5,34,1,1,4,2,1,2,23,2,1,4,2,1,3,8,2,1,2,7,6,8,44,3,1,4,3,4,4,31,1,2,4,4,6,3,32,1,1,4,2,4,3
2021-03-10 10:18:47,2021-03-10 10:26:18,0,109.236.86.71,100,450,1,2021-03-10 10:26:19,R_1mfHBzzQN07VJg9,,,,,52.2281036376953125,5.197998046875,anonymous,EN,ngs1382,1,1,1,7,7,7,12,3,1,1,8,8,9,39,2,1,2,6,6,6,2,1,1,1,8,8,8,42,3,1,2,7,6,6,27,3,1,3,4,4,4,51,1,2,3,5,5,5,35,2,1,4,4,4,4,48,1,1,4,3,3,3,28,1,2,4,5,5,5,18,1,1,2,7,7,5
2021-03-10 10:31:59,2021-03-10 10:52:28,0,84.243.217.53,100,1228,1,2021-03-10 10:52:28,R_2OJFuH7RfGxRdrK,,,,,51.8513031005859375,5.863800048828125,anonymous,EN,Ich1966,1,1,2,3,4,3,50,2,2,2,5,5,4,7,2,1,2,8,7,6,52,2,1,2,9,9,7,26,3,2,4,1,3,2,13,3,1,2,9,9,7,17,1,1,2,5,5,4,42,3,2,2,7,6,4,2,1,1,1,9,9,7,58,3,2,3,5,5,4,28,3,2,4,1,3,2
2021-03-10 10:52:12,2021-03-10 11:01:44,0,84.243.238.209,100,572,1,2021-03-10 11:01:44,R_voEiBUAsHfdiT61,,,,,51.8441009521484375,5.8843994140625,anonymous,EN,GEN24,1,2,5,6,2,3,29,3,2,5,2,6,5,59,3,5,4,7,4,6,40,3,4,2,8,4,7,33,1,1,2,7,7,4,30,1,3,2,4,4,5,13,3,1,1,10,9,9,28,3,5,3,4,3,2,3,1,2,1,9,10,9,32,1,3,4,5,6,1,5,2,1,1,10,10,10
2021-03-10 11:10:30,2021-03-10 11:23:23,0,213.124.166.26,100,772,1,2021-03-10 11:23:23,R_1QhWjQLa2xucxLi,,,,,51.8148956298828125,5.8170928955078125,anonymous,EN,ska21305,1,1,1,8,8,1,44,1,2,2,7,7,1,53,2,1,1,9,9,2,10,3,1,1,9,9,6,57,1,1,2,8,8,4,12,2,3,3,8,8,1,19,1,1,2,6,6,2,30,1,1,2,6,5,1,12,1,1,2,8,8,4,37,2,1,2,7,7,3,50,2,2,3,8,8,2
2021-03-10 05:20:23,2021-03-10 07:59:20,0,213.124.176.46,51,9537,0,2021-03-10 11:59:21,R_3gMIsVvq6yBKLZ4,,,,,,,anonymous,EN,jkdaskajdsh,1,,,,,,,,,,,,,23,3,4,1,8,7,7,23,3,4,2,6,6,6,23,3,5,4,6,6,6,23,1,1,5,2,2,2,23,1,1,4,1,1,1,23,1,1,1,1,1,1,23,1,1,3,1,1,1,23,1,1,1,1,1,1,23,1,5,3,1,1,1
2021-03-10 07:53:52,2021-03-10 08:00:47,0,77.169.207.203,30,414,0,2021-03-10 12:00:47,R_2xXExwwDjwWHYB7,,,,,,,anonymous,EN,das640461,1,1,4,5,7,8,1,1,1,1,9,9,9,48,1,2,4,1,1,7,,,,,,,,,,,,,,,,,,,,,,,,,,,,,,,,,,,,,,,,,,,,,,,,,,,,,,,,
2021-03-10 12:12:54,2021-03-10 12:27:35,0,84.243.238.209,100,881,1,2021-03-10 12:27:36,R_2wuh9lVd6XLZXFR,,,,,51.8441009521484375,5.8843994140625,anonymous,EN,aiz7788,1,2,2,8,8,6,9,2,1,1,9,9,8,59,3,1,1,10,10,10,40,3,1,1,9,9,9,30,1,2,2,6,6,5,50,2,1,3,6,6,7,21,2,1,1,8,8,8,7,2,1,1,9,9,10,20,2,1,1,7,7,6,1,1,2,2,7,7,7,35,2,1,2,7,7,6
2021-03-10 12:16:14,2021-03-10 12:38:16,0,139.47.90.57,100,1321,1,2021-03-10 12:38:16,R_3EJPr9Ds3XtwOdt,,,,,40.4152984619140625,-3.694000244140625,anonymous,EN,Sir1514,1,1,4,3,6,3,23,2,1,2,7,7,3,47,1,1,2,7,6,3,54,2,1,1,6,8,5,13,3,1,1,8,8,7,43,1,4,2,8,7,4,54,2,1,1,8,8,7,52,2,1,1,8,7,6,33,1,1,4,6,5,4,28,3,2,4,7,6,3,16,1,1,2,8,9,3
2021-03-10 09:32:29,2021-03-10 09:37:56,0,84.243.238.209,21,327,0,2021-03-10 13:37:58,R_22mMUpSdteiiVWu,,,,,,,anonymous,EN,Fer7753,1,1,4,2,6,1,24,2,5,5,5,7,2,,,,,,,,,,,,,,,,,,,,,,,,,,,,,,,,,,,,,,,,,,,,,,,,,,,,,,,,,,,,,,,
2021-03-10 09:36:42,2021-03-10 09:45:25,0,92.213.8.201,39,522,0,2021-03-10 13:45:26,R_2VJAV3kqUitusMf,,,,,,,anonymous,EN,sen6724,1,2,3,8,8,4,13,3,2,1,10,10,7,6,2,1,2,10,10,7,50,3,4,3,8,8,5,,,,,,,,,,,,,,,,,,,,,,,,,,,,,,,,,,,,,,,,,,,,,,,,,
2021-03-10 10:14:53,2021-03-10 10:27:03,0,84.243.238.209,4,730,0,2021-03-10 14:27:05,R_1dgCnKQ2vAwcV37,,,,,,,anonymous,EN,oer7753,,,,,,,,,,,,,,,,,,,,,,,,,,,,,,,,,,,,,,,,,,,,,,,,,,,,,,,,,,,,,,,,,,,,,,,,,,,,
2021-03-10 15:13:48,2021-03-10 15:26:31,0,77.227.234.227,100,762,1,2021-03-10 15:26:32,R_1Li2c9SVIe4XOHj,,,,,40.4152984619140625,-3.694000244140625,anonymous,EN,eto0866,1,2,3,8,7,1,28,3,2,2,5,6,1,22,2,2,2,6,5,1,33,1,2,2,7,6,3,29,3,2,2,5,7,1,42,3,2,2,8,8,2,58,3,2,2,8,8,6,8,2,2,1,10,10,8,16,1,2,1,8,8,7,36,2,1,2,9,9,8,38,2,1,2,8,8,6
2021-03-10 15:16:16,2021-03-10 15:31:10,0,88.9.10.61,100,893,1,2021-03-10 15:31:10,R_DRVl3q5e7lqD4o9,,,,,40.4152984619140625,-3.694000244140625,anonymous,EN,oca1764,1,1,4,5,7,7,39,2,1,2,10,9,7,12,3,1,1,10,10,8,15,1,1,1,9,9,8,50,2,4,5,7,9,7,59,3,1,2,10,7,6,25,3,1,4,4,8,3,0,1,1,1,8,9,8,16,1,1,2,8,7,6,30,1,1,4,3,4,4,37,2,1,2,8,7,9
2021-03-10 15:32:47,2021-03-10 15:55:33,0,213.37.72.112,100,1365,1,2021-03-10 15:55:33,R_2E5YTAiJHQiG8nq,,,,,40.320404052734375,-3.7660064697265625,anonymous,EN,una549,1,1,1,7,8,4,59,3,1,1,9,9,7,10,3,1,1,9,9,8,40,3,1,2,8,9,4,11,3,1,1,9,9,7,56,3,1,1,9,8,7,46,1,1,1,8,8,6,48,1,1,2,7,8,5,44,2,1,4,3,5,1,42,3,1,4,5,5,1,5,2,1,1,10,10,10
2021-03-10 12:10:29,2021-03-10 12:11:59,0,84.243.238.209,4,90,0,2021-03-10 16:12:00,R_3CIvMBVCjXlpQwm,,,,,,,anonymous,EN,aiz7788,,,,,,,,,,,,,,,,,,,,,,,,,,,,,,,,,,,,,,,,,,,,,,,,,,,,,,,,,,,,,,,,,,,,,,,,,,,,
2021-03-10 12:44:08,2021-03-10 12:52:41,0,176.83.89.15,21,512,0,2021-03-10 16:52:42,R_3fdR3mgYanwid93,,,,,,,anonymous,EN,avo1692,1,1,2,6,8,6,7,2,1,1,10,10,10,,,,,,,,,,,,,,,,,,,,,,,,,,,,,,,,,,,,,,,,,,,,,,,,,,,,,,,,,,,,,,,
2021-03-10 12:54:47,2021-03-10 13:00:09,0,213.245.152.109,21,322,0,2021-03-10 17:00:13,R_7VaSSzfc42M63bH,,,,,,,anonymous,EN,her1704,1,1,1,7,8,6,7,2,1,1,8,7,6,,,,,,,,,,,,,,,,,,,,,,,,,,,,,,,,,,,,,,,,,,,,,,,,,,,,,,,,,,,,,,,
2021-03-11 02:23:04,2021-03-11 02:39:54,0,85.255.233.64,100,1010,1,2021-03-11 02:39:54,R_WdhYI15bnAN4myJ,,,,,51.49639892578125,-0.122406005859375,anonymous,EN,hez1513,1,1,4,4,10,3,37,2,1,2,9,10,6,14,3,1,1,10,10,9,27,3,1,4,7,6,2,12,3,1,2,8,9,4,54,2,4,5,5,9,3,7,2,1,1,10,10,7,33,1,1,5,5,9,7,22,2,4,5,7,9,5,4,1,1,1,10,10,7,45,1,2,5,4,7,4
2021-03-11 00:25:07,2021-03-11 03:05:49,0,84.243.238.209,100,9642,1,2021-03-11 03:05:50,R_3PMqwUxQFY0WagG,,,,,51.8441009521484375,5.8843994140625,anonymous,EN,zen7700,1,1,1,3,2,1,10,3,1,1,10,10,6,59,3,1,1,7,7,4,17,1,1,1,8,7,3,48,3,2,4,1,2,1,1,1,1,1,10,10,5,9,2,1,3,8,8,6,42,3,1,3,1,1,1,26,3,1,3,0,0,0,9,2,1,3,8,8,5,18,1,1,2,3,3,2
2021-03-10 23:23:11,2021-03-11 00:19:13,0,176.87.17.30,21,3361,0,2021-03-11 04:19:14,R_3lVqArZ6UeWfeH0,,,,,,,anonymous,EN,gar2415,3,4,5,3,7,3,2,2,2,2,9,10,9,,,,,,,,,,,,,,,,,,,,,,,,,,,,,,,,,,,,,,,,,,,,,,,,,,,,,,,,,,,,,,,
2021-03-11 07:38:13,2021-03-11 07:49:03,0,79.153.123.174,100,649,1,2021-03-11 07:49:04,R_2ZETScygxVXGz6m,,,,,42.2357940673828125,-8.734100341796875,anonymous,EN,gar2415,1,2,5,1,5,1,11,3,1,2,9,9,10,13,3,1,2,10,10,10,50,2,1,5,2,3,1,29,3,2,5,1,1,1,31,1,2,5,1,2,1,57,3,2,4,3,8,1,58,3,2,3,6,6,5,37,2,1,2,7,6,7,1,1,2,1,10,10,10,8,2,2,2,9,9,9
2021-03-11 09:21:37,2021-03-11 09:32:22,0,81.172.119.147,100,644,1,2021-03-11 09:32:23,R_2QyNKsfBWsBLoUR,,,,,40.4152984619140625,-3.694000244140625,anonymous,EN,cia6546,1,2,3,7,10,7,8,2,1,1,9,9,9,44,3,2,4,5,8,3,18,1,2,2,8,8,7,6,2,2,2,9,9,9,51,3,3,3,4,4,4,56,3,3,4,8,8,5,1,1,1,1,10,10,10,25,3,3,4,6,7,4,50,2,2,3,8,8,5,57,1,5,3,5,5,5
